تا۱۴۰۰باروحانی,
BreakHasr,
Raha,
saveArash,
saveAli,
sosAli,
All4Ali,
انتخابات,
FreeMotevaselian,
Motevaselian,
پاکزاد,
سرباز,
به_اندازه_کافی_بیان_شده_است_و_دردی_را_دوا_نمی‌کند,
مایه_شرمساری,
مناظره,
روحانی,
محمد کامرانی,
احمدی_نژاد,
احمدی نژاد,
احمدی‌نژاد,
رد_صلاحیت,
ردصلاحیت,
بقایی,
مشایی,
درخت,
رهبر,
رفسنجانی,
امیدکوکبی,
kokabee,
Narges,
Omid,
امیدکوکبی,
جنگ,
حصر,
خاتمی,
رهنورد,
کروبی,
کروبی,
میرحسین,
موسوی,
نرگس,
endhousearrest,
قانون,
محمدی,
رییسی,
رئیسی,
خمینی,
وزارتخانه,
وزارت,
وزیر,
ظریف,
امام,
رمادی,
موصل,
عربستان,
اعراب,
4Syrians,
IRNKOR,
آرا,
رای,
رای گیری,
رای_گیری,
صندوق رای,
صندوق های رای,
حماسه ملی,
حماسه,